/* =====================================================================
   Proyecto del Curso - Desarrollo de Ambiente Web (ESAN)
   Plataforma P2P de Intercambio de Divisas
   Motor: PostgreSQL (>= 14, probado en pg17)  |  Enfoque: Database First
   ---------------------------------------------------------------------
   Crea las tablas con sus relaciones y carga datos de ejemplo (dummy)
   para probar los endpoints de la API.

   IMPORTANTE: los identificadores van entre comillas dobles para
   preservar el PascalCase que Entity Framework Core (Npgsql) espera.

   Uso:
     1) Crear la base de datos una sola vez:
          CREATE DATABASE "DivisaP2PDB";
     2) Ejecutar este script CONECTADO a esa base de datos:
          psql -h localhost -U postgres -d DivisaP2PDB -f 01_CreateDatabase_PostgreSQL.sql
   ===================================================================== */

/* ---------------------------------------------------------------------
   Limpieza (orden inverso por dependencias de FK) para re-ejecución
   --------------------------------------------------------------------- */
DROP TABLE IF EXISTS "DisputaEvidencia"          CASCADE;
DROP TABLE IF EXISTS "Disputa"                   CASCADE;
DROP TABLE IF EXISTS "Calificacion"              CASCADE;
DROP TABLE IF EXISTS "HistorialEstadoTransaccion" CASCADE;
DROP TABLE IF EXISTS "Voucher"                   CASCADE;
DROP TABLE IF EXISTS "Transaccion"               CASCADE;
DROP TABLE IF EXISTS "Oferta"                    CASCADE;
DROP TABLE IF EXISTS "CuentaBancaria"            CASCADE;
DROP TABLE IF EXISTS "Notificacion"              CASCADE;
DROP TABLE IF EXISTS "Usuario"                   CASCADE;

/* ---------------------------------------------------------------------
   Tabla: Usuario  (cubre los roles USU, ETU y ADM)
   --------------------------------------------------------------------- */
CREATE TABLE "Usuario"
(
    "Id"                     INT          GENERATED BY DEFAULT AS IDENTITY,
    "Rol"                    VARCHAR(3)   NOT NULL,          -- USU / ETU / ADM
    "Nombres"                VARCHAR(100) NOT NULL,
    "ApellidoPaterno"        VARCHAR(60),
    "ApellidoMaterno"        VARCHAR(60),
    "RazonSocial"            VARCHAR(150),                   -- solo ETU
    "Ruc"                    VARCHAR(11),                    -- solo ETU
    "RepresentanteLegal"     VARCHAR(150),                   -- solo ETU
    "Correo"                 VARCHAR(120) NOT NULL,
    "PasswordHash"           VARCHAR(200) NOT NULL,
    "TipoDocumento"          VARCHAR(3),                     -- DNI / CE
    "NumeroDocumento"        VARCHAR(12),
    "Celular"                VARCHAR(20),
    "Estado"                 VARCHAR(25)  NOT NULL,          -- PendienteVerificacion / PendienteAprobacion / Activo / Bloqueado
    "CorreoVerificado"       BOOLEAN      NOT NULL DEFAULT FALSE,
    "CalificacionPromedio"   DECIMAL(3,2) NOT NULL DEFAULT 0,
    "OperacionesCompletadas" INT          NOT NULL DEFAULT 0,
    "IntentosFallidos"       INT          NOT NULL DEFAULT 0,
    "BloqueadoHasta"         TIMESTAMP,
    "MotivoBloqueo"          VARCHAR(300),
    "FechaRegistro"          TIMESTAMP    NOT NULL,
    CONSTRAINT "PK_Usuario" PRIMARY KEY ("Id"),
    CONSTRAINT "UQ_Usuario_Correo" UNIQUE ("Correo")
);

/* ---------------------------------------------------------------------
   Tabla: CuentaBancaria  (Usuario 1 -> N CuentaBancaria)
   --------------------------------------------------------------------- */
CREATE TABLE "CuentaBancaria"
(
    "Id"               INT          GENERATED BY DEFAULT AS IDENTITY,
    "UsuarioId"        INT          NOT NULL,
    "Banco"            VARCHAR(80)  NOT NULL,
    "TipoCuenta"       VARCHAR(15)  NOT NULL,         -- Ahorros / Corriente
    "Divisa"           VARCHAR(3)   NOT NULL,         -- PEN / USD / EUR
    "NumeroCuenta"     VARCHAR(30)  NOT NULL,
    "Cci"              VARCHAR(20)  NOT NULL,
    "NombreTitular"    VARCHAR(150) NOT NULL,
    "EsPredeterminada" BOOLEAN      NOT NULL DEFAULT FALSE,
    CONSTRAINT "PK_CuentaBancaria" PRIMARY KEY ("Id"),
    CONSTRAINT "FK_CuentaBancaria_Usuario" FOREIGN KEY ("UsuarioId")
        REFERENCES "Usuario" ("Id") ON DELETE CASCADE
);

/* ---------------------------------------------------------------------
   Tabla: Oferta  (Usuario 1 -> N Oferta, CuentaBancaria 1 -> N Oferta)
   --------------------------------------------------------------------- */
CREATE TABLE "Oferta"
(
    "Id"               INT           GENERATED BY DEFAULT AS IDENTITY,
    "UsuarioId"        INT           NOT NULL,
    "TipoOperacion"    VARCHAR(10)   NOT NULL,        -- Compra / Venta
    "DivisaOrigen"     VARCHAR(3)    NOT NULL,
    "DivisaDestino"    VARCHAR(3)    NOT NULL,
    "MontoTotal"       DECIMAL(18,2) NOT NULL,
    "MontoDisponible"  DECIMAL(18,2) NOT NULL,
    "TipoCambio"       DECIMAL(18,4) NOT NULL,
    "Estado"           VARCHAR(15)   NOT NULL,         -- Activa / Expirada / Agotada / Cancelada
    "CuentaBancariaId" INT           NOT NULL,
    "EsVolumenEtu"     BOOLEAN       NOT NULL DEFAULT FALSE,
    "FechaPublicacion" TIMESTAMP     NOT NULL,
    "FechaExpiracion"  TIMESTAMP     NOT NULL,
    CONSTRAINT "PK_Oferta" PRIMARY KEY ("Id"),
    CONSTRAINT "FK_Oferta_Usuario" FOREIGN KEY ("UsuarioId")
        REFERENCES "Usuario" ("Id"),
    CONSTRAINT "FK_Oferta_CuentaBancaria" FOREIGN KEY ("CuentaBancariaId")
        REFERENCES "CuentaBancaria" ("Id")
);

/* ---------------------------------------------------------------------
   Tabla: Transaccion
   (Oferta 1 -> N Transaccion; Comprador y Vendedor -> Usuario)
   --------------------------------------------------------------------- */
CREATE TABLE "Transaccion"
(
    "Id"                 INT           GENERATED BY DEFAULT AS IDENTITY,
    "Codigo"             VARCHAR(20)   NOT NULL,        -- TXN-XXXXX
    "OfertaId"           INT           NOT NULL,
    "CompradorId"        INT           NOT NULL,
    "VendedorId"         INT           NOT NULL,
    "MontoOperado"       DECIMAL(18,2) NOT NULL,
    "TipoCambio"         DECIMAL(18,4) NOT NULL,
    "Estado"             VARCHAR(20)   NOT NULL,
    "FechaInicio"        TIMESTAMP     NOT NULL,
    "FechaLimiteAccion"  TIMESTAMP,
    "FechaActualizacion" TIMESTAMP     NOT NULL,
    CONSTRAINT "PK_Transaccion" PRIMARY KEY ("Id"),
    CONSTRAINT "UQ_Transaccion_Codigo" UNIQUE ("Codigo"),
    CONSTRAINT "FK_Transaccion_Oferta" FOREIGN KEY ("OfertaId")
        REFERENCES "Oferta" ("Id"),
    CONSTRAINT "FK_Transaccion_Comprador" FOREIGN KEY ("CompradorId")
        REFERENCES "Usuario" ("Id"),
    CONSTRAINT "FK_Transaccion_Vendedor" FOREIGN KEY ("VendedorId")
        REFERENCES "Usuario" ("Id")
);

/* ---------------------------------------------------------------------
   Tabla: Voucher  (Transaccion 1 -> N Voucher)
   --------------------------------------------------------------------- */
CREATE TABLE "Voucher"
(
    "Id"              INT          GENERATED BY DEFAULT AS IDENTITY,
    "TransaccionId"   INT          NOT NULL,
    "UsuarioId"       INT          NOT NULL,
    "Tipo"            VARCHAR(10)  NOT NULL,         -- Pago / Entrega
    "RutaArchivo"     VARCHAR(300) NOT NULL,
    "NombreArchivo"   VARCHAR(200) NOT NULL,
    "NumeroOperacion" VARCHAR(50)  NOT NULL,
    "FechaDeposito"   TIMESTAMP    NOT NULL,
    "FechaSubida"     TIMESTAMP    NOT NULL,
    CONSTRAINT "PK_Voucher" PRIMARY KEY ("Id"),
    CONSTRAINT "FK_Voucher_Transaccion" FOREIGN KEY ("TransaccionId")
        REFERENCES "Transaccion" ("Id") ON DELETE CASCADE
);

/* ---------------------------------------------------------------------
   Tabla: HistorialEstadoTransaccion  (línea de tiempo, US-011)
   --------------------------------------------------------------------- */
CREATE TABLE "HistorialEstadoTransaccion"
(
    "Id"            INT          GENERATED BY DEFAULT AS IDENTITY,
    "TransaccionId" INT          NOT NULL,
    "Estado"        VARCHAR(20)  NOT NULL,
    "Comentario"    VARCHAR(300),
    "Fecha"         TIMESTAMP    NOT NULL,
    CONSTRAINT "PK_HistorialEstadoTransaccion" PRIMARY KEY ("Id"),
    CONSTRAINT "FK_Historial_Transaccion" FOREIGN KEY ("TransaccionId")
        REFERENCES "Transaccion" ("Id") ON DELETE CASCADE
);

/* ---------------------------------------------------------------------
   Tabla: Calificacion  (US-012)
   --------------------------------------------------------------------- */
CREATE TABLE "Calificacion"
(
    "Id"            INT          GENERATED BY DEFAULT AS IDENTITY,
    "TransaccionId" INT          NOT NULL,
    "CalificadorId" INT          NOT NULL,
    "CalificadoId"  INT          NOT NULL,
    "Estrellas"     INT          NOT NULL,
    "Comentario"    VARCHAR(200),
    "Fecha"         TIMESTAMP    NOT NULL,
    CONSTRAINT "PK_Calificacion" PRIMARY KEY ("Id"),
    -- Un usuario solo puede calificar una vez por transacción (US-012).
    CONSTRAINT "UQ_Calificacion_Trans_Calif" UNIQUE ("TransaccionId", "CalificadorId"),
    CONSTRAINT "FK_Calificacion_Transaccion" FOREIGN KEY ("TransaccionId")
        REFERENCES "Transaccion" ("Id") ON DELETE CASCADE
);

/* ---------------------------------------------------------------------
   Tabla: Disputa  (Transaccion 1 -> 1 Disputa, US-014/US-015)
   --------------------------------------------------------------------- */
CREATE TABLE "Disputa"
(
    "Id"                   INT           GENERATED BY DEFAULT AS IDENTITY,
    "TransaccionId"        INT           NOT NULL,
    "AbiertaPorId"         INT           NOT NULL,
    "Motivo"               VARCHAR(1000) NOT NULL,
    "Estado"               VARCHAR(15)   NOT NULL,        -- Abierta / Resuelta
    "Resolucion"           VARCHAR(20),                   -- AFavorComprador / AFavorVendedor / Anulada
    "ComentarioResolucion" VARCHAR(1000),
    "FechaApertura"        TIMESTAMP     NOT NULL,
    "FechaResolucion"      TIMESTAMP,
    CONSTRAINT "PK_Disputa" PRIMARY KEY ("Id"),
    CONSTRAINT "UQ_Disputa_Transaccion" UNIQUE ("TransaccionId"),
    CONSTRAINT "FK_Disputa_Transaccion" FOREIGN KEY ("TransaccionId")
        REFERENCES "Transaccion" ("Id") ON DELETE CASCADE
);

/* ---------------------------------------------------------------------
   Tabla: DisputaEvidencia  (Disputa 1 -> N Evidencia)
   --------------------------------------------------------------------- */
CREATE TABLE "DisputaEvidencia"
(
    "Id"            INT          GENERATED BY DEFAULT AS IDENTITY,
    "DisputaId"     INT          NOT NULL,
    "RutaArchivo"   VARCHAR(300) NOT NULL,
    "NombreArchivo" VARCHAR(200) NOT NULL,
    CONSTRAINT "PK_DisputaEvidencia" PRIMARY KEY ("Id"),
    CONSTRAINT "FK_DisputaEvidencia_Disputa" FOREIGN KEY ("DisputaId")
        REFERENCES "Disputa" ("Id") ON DELETE CASCADE
);

/* ---------------------------------------------------------------------
   Tabla: Notificacion  (Usuario 1 -> N Notificacion, US-021)
   --------------------------------------------------------------------- */
CREATE TABLE "Notificacion"
(
    "Id"          INT          GENERATED BY DEFAULT AS IDENTITY,
    "UsuarioId"   INT          NOT NULL,
    "Titulo"      VARCHAR(150) NOT NULL,
    "Descripcion" VARCHAR(500) NOT NULL,
    "Enlace"      VARCHAR(300),
    "Leida"       BOOLEAN      NOT NULL DEFAULT FALSE,
    "Fecha"       TIMESTAMP    NOT NULL,
    CONSTRAINT "PK_Notificacion" PRIMARY KEY ("Id"),
    CONSTRAINT "FK_Notificacion_Usuario" FOREIGN KEY ("UsuarioId")
        REFERENCES "Usuario" ("Id") ON DELETE CASCADE
);

/* =====================================================================
   DATOS DE EJEMPLO (DUMMY DATA)
   ---------------------------------------------------------------------
   Contraseña en texto plano de TODOS los usuarios de ejemplo: Password1
   El hash almacenado es un hash BCrypt válido de "Password1".
   ===================================================================== */

/* ---------- Usuarios ---------- */
INSERT INTO "Usuario"
    ("Id", "Rol", "Nombres", "ApellidoPaterno", "ApellidoMaterno", "RazonSocial", "Ruc", "RepresentanteLegal",
     "Correo", "PasswordHash", "TipoDocumento", "NumeroDocumento", "Celular", "Estado", "CorreoVerificado",
     "CalificacionPromedio", "OperacionesCompletadas", "FechaRegistro")
VALUES
    (1, 'ADM', 'Administrador', 'Plataforma', 'DivisaP2P', NULL, NULL, NULL,
     'admin@divisap2p.com', '$2a$11$O6BGnnbm0DjZ9qBqDstKpey0M2tfus7MOfxihA3n2gDM32Rff4jY2', NULL, NULL, '999000111', 'Activo', TRUE, 0, 0, '2026-01-10T09:00:00'),
    (2, 'USU', 'Juan Carlos', 'Pérez', 'Gómez', NULL, NULL, NULL,
     'juan.perez@correo.com', '$2a$11$O6BGnnbm0DjZ9qBqDstKpey0M2tfus7MOfxihA3n2gDM32Rff4jY2', 'DNI', '40123456', '987654321', 'Activo', TRUE, 4.50, 3, '2026-02-01T10:00:00'),
    (3, 'USU', 'María Elena', 'Rodríguez', 'Salas', NULL, NULL, NULL,
     'maria.salas@correo.com', '$2a$11$O6BGnnbm0DjZ9qBqDstKpey0M2tfus7MOfxihA3n2gDM32Rff4jY2', 'DNI', '41987654', '912345678', 'Activo', TRUE, 5.00, 2, '2026-02-05T11:30:00'),
    (4, 'USU', 'Pedro Luis', 'Vargas', 'Castro', NULL, NULL, NULL,
     'pedro.vargas@correo.com', '$2a$11$O6BGnnbm0DjZ9qBqDstKpey0M2tfus7MOfxihA3n2gDM32Rff4jY2', 'CE', '001234567', '900111222', 'Activo', TRUE, 4.00, 1, '2026-02-10T15:00:00'),
    (5, 'ETU', 'Turismo Andino SAC', NULL, NULL, 'Turismo Andino SAC', '20512345678', 'Carlos Fuentes Ríos',
     'ventas@turismoandino.com', '$2a$11$O6BGnnbm0DjZ9qBqDstKpey0M2tfus7MOfxihA3n2gDM32Rff4jY2', NULL, NULL, '014567890', 'Activo', TRUE, 4.80, 5, '2026-02-12T09:45:00'),
    (6, 'USU', 'Ana Lucía', 'Torres', 'Mendoza', NULL, NULL, NULL,
     'ana.torres@correo.com', '$2a$11$O6BGnnbm0DjZ9qBqDstKpey0M2tfus7MOfxihA3n2gDM32Rff4jY2', 'DNI', '42555888', '955666777', 'PendienteVerificacion', FALSE, 0, 0, '2026-03-01T08:00:00'),
    (7, 'ETU', 'Viajes del Sur EIRL', NULL, NULL, 'Viajes del Sur EIRL', '20687654321', 'Lucía Ramírez Soto',
     'contacto@viajesdelsur.com', '$2a$11$O6BGnnbm0DjZ9qBqDstKpey0M2tfus7MOfxihA3n2gDM32Rff4jY2', NULL, NULL, '015551234', 'PendienteAprobacion', FALSE, 0, 0, '2026-03-03T16:20:00');

/* ---------- Cuentas bancarias ---------- */
INSERT INTO "CuentaBancaria"
    ("Id", "UsuarioId", "Banco", "TipoCuenta", "Divisa", "NumeroCuenta", "Cci", "NombreTitular", "EsPredeterminada")
VALUES
    (1, 2, 'BCP',        'Ahorros',   'PEN', '19112345678901', '00219100123456789012', 'Juan Carlos Pérez Gómez', TRUE),
    (2, 2, 'BCP',        'Ahorros',   'USD', '19198765432101', '00219100876543210198', 'Juan Carlos Pérez Gómez', TRUE),
    (3, 3, 'Interbank',  'Corriente', 'USD', '20012345678901', '00321200123456789011', 'María Elena Rodríguez Salas', TRUE),
    (4, 3, 'Interbank',  'Ahorros',   'PEN', '20087654321001', '00321200876543210122', 'María Elena Rodríguez Salas', TRUE),
    (5, 4, 'BBVA',       'Ahorros',   'EUR', '00112233445566', '01155500112233445566', 'Pedro Luis Vargas Castro', TRUE),
    (6, 5, 'Scotiabank', 'Corriente', 'USD', '00911223344556', '00977700911223344551', 'Turismo Andino SAC', TRUE),
    (7, 5, 'Scotiabank', 'Corriente', 'PEN', '00977665544332', '00977700977665544339', 'Turismo Andino SAC', TRUE);

/* ---------- Ofertas ---------- */
INSERT INTO "Oferta"
    ("Id", "UsuarioId", "TipoOperacion", "DivisaOrigen", "DivisaDestino", "MontoTotal", "MontoDisponible",
     "TipoCambio", "Estado", "CuentaBancariaId", "EsVolumenEtu", "FechaPublicacion", "FechaExpiracion")
VALUES
    (1, 2, 'Venta',  'USD', 'PEN',  1000.00,  1000.00, 3.7800, 'Activa', 2, FALSE, '2026-06-03T08:00:00', '2026-12-31T08:00:00'),
    (2, 3, 'Compra', 'PEN', 'USD',  3800.00,  3800.00, 0.2632, 'Activa', 4, FALSE, '2026-06-03T09:00:00', '2026-12-31T09:00:00'),
    (3, 4, 'Venta',  'EUR', 'PEN',   500.00,   500.00, 4.1000, 'Activa', 5, FALSE, '2026-06-03T10:00:00', '2026-12-31T10:00:00'),
    (4, 5, 'Venta',  'USD', 'PEN', 50000.00, 50000.00, 3.7650, 'Activa', 6, TRUE,  '2026-06-03T11:00:00', '2026-12-31T11:00:00'),
    (5, 2, 'Venta',  'USD', 'PEN',  2000.00,  1500.00, 3.7700, 'Activa', 2, FALSE, '2026-05-20T08:00:00', '2026-12-31T08:00:00');

/* ---------- Transacción de ejemplo (completada) ----------
   La oferta 5 (de Juan, vendedor) fue tomada por María (compradora) por 500 USD. */
INSERT INTO "Transaccion"
    ("Id", "Codigo", "OfertaId", "CompradorId", "VendedorId", "MontoOperado", "TipoCambio", "Estado",
     "FechaInicio", "FechaLimiteAccion", "FechaActualizacion")
VALUES
    (1, 'TXN-50012', 5, 3, 2, 500.00, 3.7700, 'Completada',
     '2026-05-21T09:30:00', NULL, '2026-05-21T12:00:00');

/* ---------- Historial de la transacción de ejemplo ---------- */
INSERT INTO "HistorialEstadoTransaccion" ("TransaccionId", "Estado", "Comentario", "Fecha") VALUES
    (1, 'PendientePago',    'Transacción iniciada.',                        '2026-05-21T09:30:00'),
    (1, 'PagoReportado',    'Depósito reportado, pendiente de validación.', '2026-05-21T09:45:00'),
    (1, 'PagoConfirmado',   'Pago confirmado por el vendedor.',             '2026-05-21T10:10:00'),
    (1, 'EntregaReportada', 'Depósito reportado, pendiente de validación.', '2026-05-21T11:30:00'),
    (1, 'Completada',       'Entrega confirmada por el comprador.',         '2026-05-21T12:00:00');

/* ---------- Vouchers de la transacción de ejemplo ---------- */
INSERT INTO "Voucher" ("TransaccionId", "UsuarioId", "Tipo", "RutaArchivo", "NombreArchivo", "NumeroOperacion", "FechaDeposito", "FechaSubida") VALUES
    (1, 3, 'Pago',    '/uploads/vouchers/txn50012-pago.jpg',    'txn50012-pago.jpg',    'OP-883421', '2026-05-21T09:40:00', '2026-05-21T09:45:00'),
    (1, 2, 'Entrega', '/uploads/vouchers/txn50012-entrega.jpg', 'txn50012-entrega.jpg', 'OP-991233', '2026-05-21T11:20:00', '2026-05-21T11:30:00');

/* ---------- Calificaciones de la transacción de ejemplo ---------- */
INSERT INTO "Calificacion" ("TransaccionId", "CalificadorId", "CalificadoId", "Estrellas", "Comentario", "Fecha") VALUES
    (1, 3, 2, 5, 'Excelente, pago rápido y sin problemas.', '2026-05-21T12:30:00'),
    (1, 2, 3, 4, 'Todo correcto.',                          '2026-05-21T13:00:00');

/* ---------- Notificaciones de ejemplo ---------- */
INSERT INTO "Notificacion" ("UsuarioId", "Titulo", "Descripcion", "Enlace", "Leida", "Fecha") VALUES
    (2, 'Transacción completada', 'La transacción TXN-50012 se completó exitosamente.',        '/transacciones/1', TRUE,  '2026-05-21T12:00:00'),
    (3, 'Transacción completada', 'La transacción TXN-50012 se completó. Ya puedes calificar.', '/transacciones/1', FALSE, '2026-05-21T12:00:00'),
    (7, 'Empresa en revisión',    'Tu solicitud de registro está pendiente de aprobación.',     NULL,               FALSE, '2026-03-03T16:20:00');

/* ---------------------------------------------------------------------
   Sincronizar las secuencias IDENTITY con los IDs insertados manualmente
   (necesario tras insertar Ids explícitos en columnas GENERATED).
   --------------------------------------------------------------------- */
SELECT setval(pg_get_serial_sequence('"Usuario"',        'Id'), (SELECT MAX("Id") FROM "Usuario"));
SELECT setval(pg_get_serial_sequence('"CuentaBancaria"', 'Id'), (SELECT MAX("Id") FROM "CuentaBancaria"));
SELECT setval(pg_get_serial_sequence('"Oferta"',         'Id'), (SELECT MAX("Id") FROM "Oferta"));
SELECT setval(pg_get_serial_sequence('"Transaccion"',    'Id'), (SELECT MAX("Id") FROM "Transaccion"));
SELECT setval(pg_get_serial_sequence('"HistorialEstadoTransaccion"', 'Id'), (SELECT MAX("Id") FROM "HistorialEstadoTransaccion"));
SELECT setval(pg_get_serial_sequence('"Voucher"',        'Id'), (SELECT MAX("Id") FROM "Voucher"));
SELECT setval(pg_get_serial_sequence('"Calificacion"',   'Id'), (SELECT MAX("Id") FROM "Calificacion"));
SELECT setval(pg_get_serial_sequence('"Notificacion"',   'Id'), (SELECT MAX("Id") FROM "Notificacion"));
